<xml xmlns="https://developers.google.com/blockly/xml" id="toolbox" style="display: none">
  <category name="STEM KIT" colour="#44cbc6" icon="share-alt">
    <label text="Động cơ" web-class="blockLabelStyle"></label>
    <block type="stemkit_move_motor">
      <value name="left_wheel_speed">
        <shadow type="math_number">
          <field name="NUM">50</field>
        </shadow>
      </value>
      <value name="right_wheel_speed">
        <shadow type="math_number">
          <field name="NUM">50</field>
        </shadow>
      </value>
    </block>

    <block type="stemkit_mini_pump">
      <value name="percent"><shadow type="math_number"><field name="NUM">70</field></shadow></value>
    </block>

    <block type="motor_stop"/>

    <block type="servo_write_angle">
      <value name="angle">
        <shadow type="math_number">
          <field name="NUM">90</field>
        </shadow>
      </value>
    </block>

    <block type="servo360_write">
      <value name="speed">
        <shadow type="math_number">
          <field name="NUM">0</field>
        </shadow>
      </value>
    </block>

    <sep gap="30"></sep>
    <label text="Đèn và loa" web-class="blockLabelStyle"></label>

    <block type="stemkit_sound_playtrack">
      <value name="track">
        <shadow type="math_number">
          <field name="NUM">1</field>
        </shadow>
      </value>
      <value name="vol">
        <shadow type="math_number">
          <field name="NUM">20</field>
        </shadow>
      </value>
    </block>

    <block type="stemkit_led_tiny">
      <value name="COLOR">
        <shadow type="colour_picker">
          <field name="COLOUR">#ff0000</field>
        </shadow>
      </value>
    </block>

    <sep gap="30"></sep>
    <label text="Cảm biến" web-class="blockLabelStyle"></label>

    <block type="stemkit_soil_sensor"/>
    <block type="stemkit_ultrasonic_read"/>
    <block type="stemkit_ultrasonic_checkdistance">
      <value name="DISTANCE">
        <shadow type="math_number">
          <field name="NUM">0</field>
        </shadow>
      </value>
    </block>
    <block type="stemkit_gas_sensor"/>
    <block type="stemkit_gas_detected"/>

    <sep gap="30"></sep>
    <label text="KEYPAD" web-class="blockLabelStyle"></label>

    <block type="stemkit_mpr121_check"/>
    <block type="stemkit_mpr121_read">
      <value name="VALUE">
        <shadow type="text">
          <field name="TEXT">1234#</field>
        </shadow>
      </value>
    </block>    
    
    <block type="stemkit_mpr121_clear"/>
    <block type="stemkit_mpr121_scan"/>
    <block type="stemkit_mpr121_sound_off"/>
    
  </category>
</xml>